{
  "project_info": {
    "project_number": "389394907477",
    "firebase_url": "https://projet-seg2505-fab3f-default-rtdb.firebaseio.com",
    "project_id": "projet-seg2505-fab3f",
    "storage_bucket": "projet-seg2505-fab3f.appspot.com"
  },
  "client": [
    {
      "client_info": {
        "mobilesdk_app_id": "1:389394907477:android:aa0d8e68e3c91406ec2fdc",
        "android_client_info": {
          "package_name": "com.example.projetseg2505"
        }
      },
      "oauth_client": [
        {
          "client_id": "389394907477-pp1kralka89jbeak11f707tpnvv5hcc7.apps.googleusercontent.com",
          "client_type": 3
        }
      ],
      "api_key": [
        {
          "current_key": "AIzaSyBhilzi38dr1l0QbL6oHfOnyleloALWmL8"
        }
      ],
      "services": {
        "appinvite_service": {
          "other_platform_oauth_client": [
            {
              "client_id": "389394907477-pp1kralka89jbeak11f707tpnvv5hcc7.apps.googleusercontent.com",
              "client_type": 3
            }
          ]
        }
      }
    }
  ],
  "configuration_version": "1"
}